{"cameraMode":{"drawMode":0,"name":"Shaded","section":"Shading Mode"},"sceneLighting":false,"audioPlay":false,"sceneViewState":{"m_AlwaysRefresh":false,"showFog":true,"showSkybox":false,"showFlares":true,"showImageEffects":true,"showParticleSystems":true,"showVisualEffectGraphs":true,"m_FxEnabled":true},"in2DMode":false,"pivot":{"x":0.5295484662055969,"y":0.03533758223056793,"z":-0.05640359967947006},"rotation":{"x":0.15923692286014558,"y":-0.8042513728141785,"z":0.24824829399585725,"w":0.5158323645591736},"size":0.8069263100624085,"orthographic":false}