{"cameraMode":{"drawMode":0,"name":"Shaded","section":"Shading Mode"},"sceneLighting":false,"audioPlay":false,"sceneViewState":{"m_AlwaysRefresh":false,"showFog":true,"showSkybox":false,"showFlares":true,"showImageEffects":true,"showParticleSystems":true,"showVisualEffectGraphs":true,"m_FxEnabled":true},"in2DMode":false,"pivot":{"x":0.7842616438865662,"y":0.006474910769611597,"z":0.007923165336251259},"rotation":{"x":-0.11507882922887802,"y":0.6362577676773071,"z":-0.09668630361557007,"w":-0.7564876675605774},"size":1.2044835090637208,"orthographic":false}